"id","adresse","email","nom","numero_telephone"
"1","Suite 408 09504 Kam Throughway, South Francescoborough, MN 42304","tracy.stamm@gmail.com","Filiberto Jerde","1-743-351-7571"
"2","10353 Maegan Lock, North Micheal, VT 83104-7270","lucila.wilderman@hotmail.com","Jamie Kuvalis","548.785.0283 x57747"
"3","88487 Gaylord Track, Carolynnmouth, CA 13050-9408","clemente.heller@hotmail.com","Mrs. Jamel White","154.072.3080"
"4","14074 Rosenbaum Hills, East Mauro, MD 05758-8210","darrell.greenfelder@yahoo.com","Jess Bednar","1-660-555-4047 x9565"
"5","0018 Huel Rue, Dooleyhaven, IA 44038","bruce.doyle@yahoo.com","Son Bednar","609-786-8388 x1034"
"6","402 Seth Passage, Archieberg, NH 21331","randal.leannon@yahoo.com","Caren Trantow","(907) 881-3662"
"7","91904 Gutkowski Mount, Evelinastad, WI 17441","tim.sauer@hotmail.com","Reinaldo Mohr","192.584.8467"
"8","Suite 689 32837 Jerica Dam, Kareemshire, NJ 24227","angelo.swaniawski@yahoo.com","Ernest Vandervort","(461) 932-5702 x104"
"9","Apt. 084 1848 Garland Lodge, Lake Riley, OH 81031","ty.schuster@gmail.com","Li Berge","(239) 265-4374 x353"
"10","Apt. 349 65388 Gertrudis Divide, Feestshire, ID 40873","yvonne.crooks@hotmail.com","Daniell Rice Jr.","484.421.7394 x7347"
"11","60886 Fae Fields, Lake Jerrie, WV 08169","georgina.jacobi@hotmail.com","Harris Strosin","(597) 868-0125"
"12","7130 Julissa Ville, West Winona, HI 06525","shawna.morissette@yahoo.com","Miss Ramiro Runte","371.359.5856 x09401"
"13","Suite 382 70987 Streich Ways, Lake Carlosland, VA 47118-5232","yuri.haley@gmail.com","Jess Corwin","855-761-4441 x0317"
"14","Suite 444 290 Gusikowski River, South Colbytown, OK 18405-6328","daryl.moore@yahoo.com","Raymon Greenfelder","1-565-250-3538 x815"
"15","67663 Cassin Coves, South Alvaro, KY 07292-1054","audrea.lakin@yahoo.com","Mrs. Margeret Gerhold","267.696.6817"
"16","996 Bosco Crescent, Loidachester, GA 75810-8080","an.leffler@gmail.com","Elli Runte","1-080-621-4807 x57199"
"17","1315 Pauletta Shores, Hanefurt, WI 34287-1664","leo.rolfson@yahoo.com","Serafina Murray","460-710-5984"
"18","01745 Roderick Union, North Kristopher, OK 57191","rico.heaney@hotmail.com","Emmy Rosenbaum V","275-154-6422"
"19","0224 Schroeder River, Lake Mabelport, TX 77460-4104","trudy.kassulke@gmail.com","Elois Reilly","349-574-6162 x90678"
"20","6816 Joesph Spring, Schambergerborough, LA 24134-5282","augustine.lakin@hotmail.com","Vania Deckow","161-869-2612"
"21","Suite 678 178 Sherman Isle, East Belva, KY 53391","camie.ebert@hotmail.com","Britta Goldner","1-241-917-5119 x52061"
"22","Apt. 874 6710 Ellis Way, Nicolasland, MI 87118-9638","jacquie.lindgren@yahoo.com","Stevie Lakin","1-083-747-9351"
"23","44386 Guillermo Centers, Port Cedrick, IA 64485","illa.thompson@gmail.com","Ms. Roderick Tillman","451-891-2253 x9218"
"24","846 Jessi Expressway, South Carter, AR 89581","chanda.schamberger@gmail.com","Bradley Boehm","011-941-0291 x4935"
"25","677 Patrick Centers, Dionshire, VT 63487-7190","mikel.franecki@yahoo.com","Eugene King","(710) 951-6133"
"26","Suite 128 80592 Ciara Highway, Hayesstad, WV 42055-8819","etta.pagac@gmail.com","Eli Wunsch","217.501.3426 x8028"
"27","686 D'Amore Neck, Gustavoberg, LA 61508-8077","cecilia.cole@yahoo.com","Danny Waelchi","1-370-953-6082 x03270"
"28","Apt. 906 2214 Karol Skyway, West Earnestview, VT 34388","adell.goldner@gmail.com","Yael Goldner","209.042.8312"
"29","Suite 657 130 Ronnie Islands, North Tanjaville, AK 34892","dong.dare@yahoo.com","Nelia Ryan","(192) 227-3987 x64480"
"30","Apt. 908 192 Rowe Drive, Port Danicafurt, DE 05236-4861","vincenzo.kuhlman@yahoo.com","Ms. Larae Murray","1-788-469-0725 x275"
"31","40312 Victoria Port, Joyaport, IN 25391-5853","filiberto.abbott@hotmail.com","Ginny Jast","389.313.9658 x9854"
"32","Suite 172 5405 Hildegarde Gardens, Port Loretamouth, VA 72005-2222","reynaldo.osinski@gmail.com","Wade Mills","(942) 215-2197 x938"
"33","00824 Jacobs Union, North Minh, MT 00857-3728","denisha.ankunding@hotmail.com","Dr. Marleen Strosin","1-018-862-3757"
"34","2156 Krajcik Throughway, Lake Rubenstad, HI 83493","autumn.mayert@gmail.com","Shaniqua Emmerich","090-807-1739 x87854"
"35","8665 Odell Circles, Shantaeport, MT 06365","inge.quitzon@gmail.com","Dusti Schmeler","257.199.8319 x6408"
"36","Apt. 187 0277 Apryl View, Earlefort, MI 20056-3503","dominga.hamill@hotmail.com","Hans Koch","380.535.8280"
"37","Apt. 659 24712 Roselyn Dale, Delmarbury, MD 79517-9618","felton.hintz@gmail.com","Joie Ward","911.231.5089"
"38","1016 Shauna Roads, Synthiamouth, UT 29957-0022","terrell.boehm@yahoo.com","Ms. Charline Collier","303-903-9684 x82140"
"39","Suite 076 032 Hoeger Garden, Alphonsoville, NV 36609","chung.trantow@yahoo.com","Oscar Hermiston","586-505-6808 x72472"
"40","47393 Waylon Land, Raufort, WV 10959","seth.hodkiewicz@gmail.com","Ms. Myles Hoeger","410.412.7003 x600"
"41","Suite 390 289 Luis Brook, Mitchstad, AK 91796","alton.tromp@hotmail.com","Bryon Haag I","(254) 802-0508 x2164"
"42","78299 Schoen Rapids, Shanahanport, MO 78726-9591","marcelo.mante@hotmail.com","Titus Strosin","(216) 261-2056 x0874"
"43","8425 Charlie Route, Schimmelfurt, NJ 11721","debi.schaden@hotmail.com","Mrs. Elmer Rau","1-672-553-4692 x896"
"44","7250 Chase Manors, Port Dannyborough, NV 30522","kendrick.fritsch@yahoo.com","Benjamin Jenkins","1-551-453-2227 x278"
"45","96066 Scottie Branch, South Waylon, IN 60684","marvin.koelpin@yahoo.com","Everette Hessel","110-564-3409 x452"
"46","35070 Marin Lakes, North Auroreshire, UT 06805-4578","dong.will@yahoo.com","Ahmed Stracke","(566) 593-9946 x33430"
"47","361 Marjory Drive, North Forestport, DE 05173","chi.spencer@yahoo.com","Curt Satterfield","(438) 437-9385 x31952"
"48","Apt. 790 7104 Orn Mount, Franeckiview, ND 23526","terrence.hudson@yahoo.com","Forest Kuhlman DDS","726-215-1702 x614"
"49","Suite 722 69308 Berry Ramp, Marshallchester, UT 99998-1604","alysia.berge@gmail.com","Sachiko Legros","(419) 899-6587"
"50","Apt. 378 46308 Sung Tunnel, West Griseldafurt, CT 84036-3096","effie.koss@hotmail.com","Ciara Green V","(336) 318-2563 x662"
"51","Apt. 729 206 Kira Port, Boyerside, PA 97570-2147","arlena.kshlerin@yahoo.com","Shea Greenfelder II","811-841-2998 x915"
"52","3618 Huels Pass, East Lizmouth, IA 77439-5509","vikki.hintz@hotmail.com","Wesley Witting","411-541-5772 x662"
"53","Apt. 086 050 Mario Cape, Port Rosendofurt, MI 79431-0782","shala.okeefe@yahoo.com","Carlton Zboncak","(645) 557-0466 x0622"
"54","Apt. 020 378 Cletus Cliffs, North Trena, OR 32420-6010","pablo.kertzmann@yahoo.com","Edna Rutherford III","656.919.9802"
"55","3999 Orn Ramp, South Norberto, ND 46297","hobert.kshlerin@hotmail.com","Paul Fadel","1-752-084-2596 x4167"
"56","298 Danilo Vista, Kuvalismouth, VT 96382","vonnie.mertz@hotmail.com","Carmine Walsh","322-412-4644 x2665"
"57","9640 Welch Neck, Lake Elvischester, ND 81614","donita.medhurst@hotmail.com","Chiquita Cartwright","1-284-843-5538 x9508"
"58","Suite 348 30316 Aurora Views, Lake Javierton, IA 65782-6059","kelvin.casper@hotmail.com","Denita Grimes","(964) 674-9305 x74485"
"59","Suite 504 0811 Langosh Isle, Port Alfonsofurt, VA 23704-0651","isidro.kiehn@yahoo.com","Orval Bechtelar","275-379-9427"
"60","Apt. 690 7100 Emelia Roads, New Lawrence, MD 02796-1676","masako.schaden@hotmail.com","Rickie Roberts","1-429-712-2470 x3088"
"61","Suite 221 5531 Shavonda Tunnel, Aubreyside, HI 78667-6975","lucas.braun@yahoo.com","Ms. Kathyrn Bailey","911-209-0957"
"62","2542 Konopelski Shoals, North Buford, MS 57455-5530","aubrey.west@hotmail.com","Herta Rath MD","204.589.1290 x5676"
"63","Apt. 497 11315 Hessel Dale, North Sungton, PA 23929","donald.krajcik@gmail.com","Isaiah Huels","1-712-016-5926"
"64","Suite 466 1359 Krishna Common, North Zulemaburgh, HI 78880","temeka.buckridge@yahoo.com","Elaina McLaughlin Jr.","692-986-8930 x779"
"65","6260 Cleotilde Knolls, East Chadwick, MT 82812-5090","morton.ortiz@gmail.com","Mee Schneider","1-821-625-7929 x811"
"66","022 Mackenzie Burgs, Willport, AR 35550-5963","rodrigo.zboncak@hotmail.com","Han Boyer","1-488-498-5359"
"67","166 Sommer Dale, Jonimouth, NH 64618","kristina.raynor@gmail.com","Dr. Clemencia Pfannerstill","896-062-4828 x91319"
"68","Suite 857 707 Jefferey Trace, East Levi, AZ 18099","dwayne.keebler@hotmail.com","Trent Bartoletti","299-352-8734"
"69","Apt. 956 8448 Carey Via, West Leigha, GA 43013-5257","tiffiny.west@yahoo.com","Asa Bartell","1-014-812-3628 x4347"
"70","790 Nella Garden, North Moisesburgh, VA 50145","marco.moen@gmail.com","Dr. Lidia MacGyver","1-492-442-8171"
"71","47956 Weimann Shoal, Port Salvatoreland, TX 98609","ned.murphy@hotmail.com","Paulene Ebert","1-194-378-3439"
"72","13593 Donnelly Cliffs, New Dannieside, MS 35623-7467","destiny.bailey@yahoo.com","Brad Tillman","409.729.9727"
"73","099 Jaskolski Mount, New Porfirioport, LA 36178","jocelyn.mcclure@gmail.com","Mrs. Gabriel Stehr","1-503-549-9062"
"74","63916 MacGyver Causeway, West Eliashaven, AR 13778","herb.hartmann@hotmail.com","Jordan Erdman","223.079.1072 x2349"
"75","Apt. 084 3615 Milford Route, Brakusshire, KY 96806","berry.wintheiser@gmail.com","Miss Howard Senger","369-932-0229"
"76","157 Keri Terrace, South Masonbury, ND 95688-8835","lawerence.hodkiewicz@hotmail.com","Socorro Beatty","291-560-0364"
"77","1408 Lubowitz Circles, Lake Ashley, OK 69561-5496","blaine.rowe@hotmail.com","America Hegmann","1-225-863-8580 x21943"
"78","Apt. 909 1426 DuBuque Forks, Trompside, WV 07537","brain.mitchell@gmail.com","Lynwood Sipes PhD","1-498-498-0857 x44692"
"79","33992 Santina Crescent, Redaberg, SC 31423","genaro.predovic@hotmail.com","Madison Renner","(613) 512-2464 x00731"
"80","Suite 998 3499 Douglass Mission, Lakitafort, KS 20115","cody.hand@hotmail.com","William Sauer II","(141) 855-1066 x760"
"81","Suite 236 14002 Blanda Via, Ryanton, CA 38516-5281","juliann.kuhn@gmail.com","Dr. Oliva Little","(122) 099-7980 x9887"
"82","565 Kyle Branch, North Nikki, NM 49601","melanie.altenwerth@hotmail.com","Jon Kub","1-211-519-8456 x8470"
"83","054 Mitchell Drives, Tubury, SD 81500","ahmed.nolan@hotmail.com","Ms. Coy Little","344.838.7965 x87904"
"84","Apt. 220 195 Connelly Expressway, Oraleeburgh, KY 79876-8794","parker.hartmann@gmail.com","Lori Gutkowski","1-470-195-2626"
"85","32936 Man Fall, Schuppetown, NJ 83175","morgan.rempel@hotmail.com","Gerard Kuvalis","1-488-595-8362 x92958"
"86","88321 Mariann Pine, Schaefermouth, OH 23050-6783","linsey.walker@yahoo.com","Isis Zemlak","1-996-717-4781 x95776"
"87","51965 Adrian Dam, South Ivanafort, SC 25990-8340","nathaniel.predovic@yahoo.com","Angelic Balistreri III","1-847-536-1942 x2485"
"88","09713 Rey Track, West Anton, MN 06774","tereasa.brekke@hotmail.com","Retha Rath","1-883-686-3170 x183"
"89","06776 Boehm Cove, New Darwinland, LA 80497","chase.friesen@hotmail.com","Gilberto Effertz","306.533.3081"
"90","Suite 117 4553 Bogan Loaf, East Dewayne, VA 94388-7033","luciana.barton@yahoo.com","Brenton Keebler IV","893-392-3287 x051"
"91","120 Jeanine Square, West Noah, MN 99632","emanuel.nienow@hotmail.com","Bernie Beier Jr.","596.553.3230 x7435"
"92","94458 Joselyn Centers, Thadchester, SC 68831","lupe.dickens@hotmail.com","Penney Hegmann","1-815-130-7927 x01598"
"93","2119 Shanahan Fork, South Concepcion, OH 91036-9462","aleida.walter@yahoo.com","Dr. Lavelle Greenfelder","506-822-8421"
"94","2077 Justin Greens, Goodwinhaven, SC 18182-7029","ashlea.haag@hotmail.com","Cruz Grimes","(564) 780-7164 x002"
"95","1323 Lindgren Ferry, Port Merrill, VA 23337","johnnie.berge@gmail.com","Mrs. Octavio Hackett","953.730.2443"
"96","0803 Lissette Locks, Budfort, WV 34855","santiago.bosco@hotmail.com","Joseph Deckow","1-673-236-9001 x6106"
"97","Apt. 307 12496 Jodee Squares, Muellerburgh, OK 73133-9587","hang.kilback@hotmail.com","Lenny Langosh","(508) 111-5108 x17437"
"98","Suite 125 519 Dane Mountains, North Ryanton, ID 79738","stanford.koepp@yahoo.com","Todd Bartell DVM","302-924-2553 x85941"
"99","40595 Hodkiewicz Brooks, North Maurofort, IN 37842","kasha.mante@yahoo.com","Mrs. Barry Pouros","1-937-018-4846"
"100","75699 Jenkins Tunnel, East Scotside, NM 52540","ceola.mayert@hotmail.com","Charis Hahn","(378) 233-0777"
"101","76655 Mayert Alley, North Cecille, SC 89301","elliot.abshire@yahoo.com","Dr. Heidy Predovic","(342) 223-2192 x87887"
"102","Apt. 410 3302 Schamberger Groves, Lake Imeldatown, AK 15275","keven.herzog@gmail.com","Dee Marquardt","369.597.7312 x636"
"103","5906 Bartell Knoll, Yostville, IL 70749","caroline.bahringer@gmail.com","Mr. Ngan Lubowitz","629.685.4918"
"104","739 Beahan Springs, Creminberg, WV 34049","jaymie.aufderhar@yahoo.com","Carmella Wolff","337-110-2407 x72947"
"105","71596 Oliver Brooks, New Angela, NY 41598-6941","maryetta.huel@gmail.com","Whitley Hane","1-889-889-4571 x5167"
"106","7723 Anneliese Ridge, East Ivelisseberg, VT 60655-8402","susan.bartoletti@gmail.com","Michael Rempel V","827-701-4929"
"107","68091 Estell Shores, Lake Rachell, MT 31867-4212","carmine.goodwin@hotmail.com","Claud Little III","806-837-0435"
"108","Apt. 867 0379 Leatha Expressway, Port Salvatorefort, OR 40307-4074","bennie.cummings@yahoo.com","Chong Reilly","1-610-869-6078"
"109","Suite 137 6019 Cheree Summit, East Ferminberg, KS 43429-2865","leroy.kautzer@hotmail.com","Rina Murray","673-442-7781 x637"
"110","Apt. 660 377 Lakin Rapid, Huelborough, OH 54887-5105","chas.lebsack@yahoo.com","Willard Gutkowski","709.571.5672 x9910"
"111","Apt. 150 9348 Deckow Plain, West Hazelton, IN 51326","deshawn.schroeder@yahoo.com","Gina Wintheiser","792-694-4373"
"112","Suite 416 86089 Marleen Hill, South Roselinehaven, WA 39368-6214","wynona.blanda@gmail.com","Jacquline Thompson","776-138-2189"
"113","Suite 235 5435 Marinda Key, North Wavastad, UT 17674-4895","ouida.kertzmann@gmail.com","Ms. Andreas Abernathy","283.129.8425 x95334"
"114","Apt. 743 90931 Guadalupe Plains, Mathatown, CT 80593-7695","allen.jaskolski@gmail.com","Irwin Bruen","188-982-3714"
"115","Suite 638 323 Helaine Union, Westport, IN 12722","cherri.kertzmann@yahoo.com","Darlena Sawayn DVM","1-557-361-5242 x9512"
"116","580 Schowalter Meadows, West Nathanielmouth, ID 85884","angelina.christiansen@gmail.com","Clay Yost","1-490-940-4467 x3864"
"117","Suite 979 28524 Hodkiewicz Lane, Schusterville, NV 71924-4901","mose.boyer@hotmail.com","Joleen Romaguera","376-509-0935 x4238"
"118","05429 Kim Plaza, Beierside, SD 82531","toya.nolan@gmail.com","Landon Gislason","1-228-007-7347"
"119","Apt. 850 22552 Shirley Court, Jaskolskiton, OH 03859","latrisha.okuneva@yahoo.com","Patrina Bauch IV","1-427-767-2770 x5266"
"120","Apt. 121 83209 Walton Spring, Lake Chia, MN 18139","elvera.ernser@yahoo.com","Rayford Satterfield","170-836-0267"
"121","Suite 301 91164 Wilderman Village, Hermantown, DE 37301-1431","willow.prosacco@gmail.com","Dr. Reynaldo Schimmel","1-682-897-3589"
"122","1986 Zandra Causeway, Mckenzieshire, IN 32514","werner.gerlach@yahoo.com","Dorthey Frami Sr.","1-303-420-0211 x3477"
"123","Apt. 093 6799 Marquardt Keys, Lake Dee, TN 58762-0566","kelli.beahan@yahoo.com","Robbyn Towne","1-485-189-2787"
"124","728 Ona Drives, East Edelmira, FL 34910-7372","shonta.luettgen@yahoo.com","Jewel Brakus PhD","613-927-2387"
"125","Suite 428 403 Legros Ramp, South Pierre, AR 30286-6573","brenna.johnston@gmail.com","Wiley Funk","1-533-893-5848 x5754"
"126","Suite 033 6002 Dorla Way, Hannahport, MT 55277","howard.olson@yahoo.com","Graham Farrell","044.466.6530 x97285"
"127","Suite 950 28271 Hayes Vista, North Sherill, SD 56284-9088","louis.trantow@yahoo.com","Harold Simonis","(445) 525-5296"
"128","Suite 294 89294 MacGyver Pines, South Violette, WI 61892-0564","darrell.labadie@gmail.com","Josh Roob","1-001-338-6110 x63968"
"129","Suite 468 379 Jan Island, Hesselland, ID 14841-6624","colin.hettinger@hotmail.com","Pilar Baumbach","672.565.7776"
"130","6717 Lindgren Walks, East Arron, PA 61646-5146","lee.kub@yahoo.com","Georgeanna Mayer MD","1-781-863-9390 x29373"
"131","Suite 690 374 Hermann Freeway, Mosesberg, NE 32966-5434","kelley.stehr@gmail.com","Waltraud Renner","351-237-6839 x504"
"132","Apt. 001 726 Schumm Locks, Gilbertoshire, SD 89739","blanche.deckow@yahoo.com","Chloe Lesch","1-839-783-4989 x64170"
"133","Apt. 723 08363 Julissa Well, New Ricki, OK 74927","lynelle.anderson@hotmail.com","Mr. Joellen Maggio","036-286-7806"
"134","Apt. 298 2835 Lupe Islands, North Charlieberg, WA 14397-0527","lucienne.stehr@gmail.com","Josh Watsica III","(946) 204-8899 x035"
"135","068 Wyman Garden, Nobleville, IL 11175-1028","garth.murray@hotmail.com","Mrs. Felix Weissnat","260.547.6983 x07929"
"136","742 Forrest Forks, South Markettafurt, NY 09016-4740","frederick.greenholt@gmail.com","Gonzalo Bins MD","066.262.3546 x36105"
"137","27852 Lashawna Shore, Torphyland, NH 59564-9903","nathalie.osinski@hotmail.com","Josephine Ullrich","(756) 031-5045 x28702"
"138","7294 Jacobson Ford, Albertochester, ND 21147-7443","sheba.collins@hotmail.com","Darwin Spinka","945.568.6921"
"139","906 Rolanda Gateway, Bednarfurt, VA 77997-4007","lavern.olson@yahoo.com","Hung Moore","586-309-9110"
"140","Apt. 046 098 Brown Cove, Thomasinemouth, NV 70891-4257","troy.hilll@hotmail.com","Kim Terry","(825) 710-9354 x7470"
"141","Apt. 590 6112 Steuber Viaduct, Santiagobury, IA 40103-9681","shelton.senger@yahoo.com","Margarito Mann II","462.198.1992 x3527"
"142","5921 Casper Heights, Tadmouth, CT 73604-6173","gita.mraz@hotmail.com","Ms. Herschel Pouros","110-289-8751"
"143","Apt. 022 5615 Doyle Cove, Corrinaborough, IA 27504","nelly.hickle@gmail.com","Glen Deckow","766-816-8599 x11370"
"144","92485 Christiansen Skyway, New Richard, GA 12983-5039","danita.sporer@yahoo.com","Nicolas Weber","(427) 402-9145"
"145","Apt. 306 0203 Chloe Flat, Hilllland, TX 08058","werner.ruecker@hotmail.com","Mrs. Mel Turcotte","(854) 884-6165"
"146","12005 Ruthann Ville, Arlieport, TN 75765-7412","layne.johnson@yahoo.com","Hellen Hagenes Sr.","596-946-1499 x470"
"147","28997 Schuster Cove, O'Konview, AK 07251-0313","phil.lakin@yahoo.com","Mrs. Omega Lynch","1-869-430-9280"
"148","77050 Wehner Route, Staceyfort, MN 42878-4872","bernard.von@gmail.com","Willy Lubowitz","1-332-931-1617 x609"
"149","Apt. 202 593 Rosario Ferry, Bernhardstad, MO 45790","denese.schmeler@hotmail.com","Emmanuel Witting","401.640.3866 x32038"
"150","86341 Arlena Drives, Emmerichtown, CO 53683-9340","tom.jacobson@hotmail.com","Dr. Keli Funk","(868) 582-1337"
"151","45309 Sumiko Villages, Bashirianstad, OR 47524-7418","tamela.rutherford@hotmail.com","Delicia Kiehn DVM","1-995-744-3448"
"152","Apt. 161 0849 Grant Flat, West Selena, ID 95477-8502","tanner.padberg@yahoo.com","Mr. Tomika Satterfield","1-016-482-5530"
"153","38272 Bins Ranch, West Reginaldfort, NM 93094","soon.king@yahoo.com","Forrest Will","912-703-9772"
"154","6861 Charissa Lane, Trompside, WY 13620-9630","agustin.crooks@hotmail.com","Winston Adams","(828) 643-5122"
"155","Suite 413 99233 Gibson Islands, North Faith, CA 44879-4442","brittany.pacocha@hotmail.com","Tommie Bins","(539) 129-1895 x248"
"156","Apt. 105 18025 Gabriel Mountain, Schusterstad, NY 68830","alane.west@hotmail.com","Elza Dietrich","(722) 098-5396 x85749"
"157","3304 Kris Forges, Concepcionhaven, MD 79638-8897","sean.nitzsche@hotmail.com","Frida Braun","250.958.9941 x527"
"158","Apt. 055 488 Delmar Park, Gregoryside, CT 97392-5599","miki.yundt@yahoo.com","Rickie Parker","(221) 046-3147 x86445"
"159","Apt. 207 27474 Alline Bridge, New Bertramberg, CT 27072","al.beahan@gmail.com","Mrs. Kendra Beatty","167-053-9543 x31616"
"160","15378 Lucien Fords, North Shawndabury, ME 62629","carmela.okuneva@hotmail.com","Mrs. Latrisha Pollich","(709) 413-8405 x0896"
"161","505 Cecil Lane, Diegoside, CA 18837-5719","marion.jakubowski@yahoo.com","Keri Brakus","165.739.9152 x973"
"162","Apt. 434 53309 Lockman Wall, West Whitneyshire, SD 86433-2707","rita.schamberger@yahoo.com","Erma Lakin","512.276.4801 x02381"
"163","Apt. 061 53084 Cletus Ports, Otismouth, MN 41078-0944","tynisha.fay@gmail.com","Delbert Cronin","835.525.9013"
"164","Apt. 666 2769 Haley Flat, Karleneburgh, MO 54300-3178","sandy.waelchi@hotmail.com","Ethelyn Wuckert","440-172-0668"
"165","2177 Batz Center, Parisianstad, WI 70788","rosalba.aufderhar@gmail.com","Ronny Langworth","1-347-321-3045 x70929"
"166","1043 Bartell Flats, North Drema, MT 77743","sacha.hackett@hotmail.com","Tangela Parker","229.301.7627 x98088"
"167","57962 Braun Loaf, Stiedemannfurt, NM 55813","billy.kihn@yahoo.com","Sheena Dare","1-633-783-6022 x536"
"168","Apt. 539 35895 Dagny Greens, New Josefashire, CT 88915","lenard.beier@gmail.com","Jeannine MacGyver","1-548-215-2645 x354"
"169","Apt. 186 2432 Rubin Hills, North Kirby, SD 31339-1863","lorretta.aufderhar@gmail.com","Mohamed Considine","(517) 553-4171 x1902"
"170","89476 Kilback Corner, Kerluketon, IA 66138-7820","miguel.feil@gmail.com","Rosario Sauer","1-564-986-6518 x91953"
"171","2577 Martin Islands, Lake Deonshire, OR 36901-8480","dwight.weimann@yahoo.com","Miss Merideth Rodriguez","1-335-251-2508"
"172","Apt. 738 15286 Murray Extension, North Dorotheaburgh, MD 65810","gregoria.welch@yahoo.com","Miss Fletcher Johnson","130-679-2900"
"173","Apt. 638 41981 Lani Court, West Alenaview, CO 70432-6255","hershel.wisoky@hotmail.com","Paige Bernier","1-432-297-7048"
"174","Suite 185 247 Kilback Station, Isafurt, MI 73878","jacinta.pollich@hotmail.com","Stan McKenzie","502-432-7145 x0654"
"175","Apt. 591 9007 Fadel Valley, Kennithberg, TN 07730-4496","ruben.pagac@hotmail.com","Ms. Alvaro Feeney","(969) 566-8237 x18785"
"176","Apt. 340 4179 Huel Walk, Sipesshire, FL 56231-2175","willian.mccullough@yahoo.com","Jonathan Roob II","980-881-6648"
"177","Suite 802 598 Schinner Lake, Justinfurt, WY 68275-4877","garret.larson@yahoo.com","Joseph Larkin","989.417.8148 x740"
"178","910 Phil Row, North Kimberely, OK 46344-8477","tona.strosin@gmail.com","Renata Champlin MD","693.441.8567"
"179","Suite 953 9198 Cecily Trafficway, Lawrencefort, PA 38655-2507","sommer.dickens@gmail.com","Emil Kreiger","483-275-3353 x778"
"180","27181 Bednar Trafficway, Donnellyview, TX 86616-2342","beverlee.hartmann@yahoo.com","Brandon Schuppe","318.283.5956"
"181","Apt. 203 044 Jacob Hills, Port Jannette, HI 98385-0983","leland.larson@yahoo.com","Jonna Littel","(128) 586-8604"
"182","Apt. 443 465 Dietrich Heights, East William, OR 23606-1167","rigoberto.ziemann@yahoo.com","Hector Kilback","605-885-0098"
"183","903 Alina Road, South Christopher, MI 25149-7820","kay.dicki@gmail.com","Clement Cruickshank","1-001-466-3960"
"184","Suite 959 236 Tyler Walk, Denesikview, CT 55989","harley.nolan@gmail.com","Jewell Oberbrunner","169-635-1484 x874"
"185","Suite 959 1485 Carlie Fords, New Edwardo, OK 83954-7523","jona.carter@hotmail.com","Bennie Parisian","939.097.4245 x73007"
"186","287 Schinner Path, Lesliebury, WA 97193-9773","stevie.franecki@hotmail.com","Moriah Gerhold V","(587) 645-0379"
"187","Suite 661 57451 Dawn Knoll, Chantayport, MT 81026","darrin.mueller@hotmail.com","Dusty Bradtke","874.457.1076 x21354"
"188","513 Jeffry Lane, East Gailview, ND 24353","marquis.kiehn@hotmail.com","Dr. Clarita McGlynn","1-963-768-1067"
"189","Apt. 640 40834 Pfeffer Track, South Laniburgh, CT 16819","della.auer@gmail.com","Ada Stroman DDS","387-978-0856 x526"
"190","Suite 497 4712 Marcelo Islands, Zboncakport, FL 70557-8636","harry.kreiger@hotmail.com","Chara O'Hara","291.118.1938 x320"
"191","926 Ratke Mission, Collierfurt, NV 22875","rigoberto.mills@gmail.com","Tula Beatty","(540) 708-2680 x31445"
"192","4313 Eusebio Summit, Kimberleestad, UT 16440","arthur.satterfield@yahoo.com","Bert Shields","588-916-5013"
"193","4847 Bobbie Lights, East Ricoview, ME 92676-6842","efren.hilll@gmail.com","Dario Haley","237-773-9907"
"194","914 Despina Trail, New Philip, TX 66564-9727","rufus.gleichner@yahoo.com","Tristan Durgan","1-359-118-2272 x572"
"195","1138 Clinton Lights, Wintheiserborough, KS 25354","lecia.weber@hotmail.com","Curtis Strosin","(912) 345-0240 x7242"
"196","Apt. 162 2090 Walker Lodge, Nienowport, NJ 39878","lonna.becker@yahoo.com","Ward Monahan","1-439-620-7987"
"197","78815 Chong Passage, Ferdinandburgh, ID 14102","marybeth.shields@gmail.com","Leif Kreiger","048.860.8483 x2237"
"198","223 Les Oval, Turnerborough, NC 22566","reed.satterfield@gmail.com","Robin Graham","1-604-837-9863 x14779"
"199","54982 Casper Extension, West Kendrickfurt, CT 10947","harley.botsford@yahoo.com","Dr. Sergio Huel","(290) 814-6307"
"200","57018 Ka Trail, Hickletown, ND 78535-8690","deon.yost@yahoo.com","Joseph O'Conner MD","1-513-479-0686"
"201","425 Donnie Burg, Rochelfort, WY 12103","kraig.sawayn@hotmail.com","Oswaldo Deckow IV","1-941-633-8831"
"202","Apt. 349 98486 Cletus Forges, Kertzmannshire, MA 90230","curt.sanford@hotmail.com","Theron McCullough","(084) 764-6777"
"203","Apt. 058 82345 Marlys Valleys, Lannyport, UT 29299-3868","lucila.lang@hotmail.com","Jordon Cassin","(537) 282-0485 x2639"
"204","Suite 897 671 Littel Lock, Quianaville, WY 79932-3934","ray.murphy@yahoo.com","Mrs. Tomas D'Amore","405-923-3802"
"205","Apt. 821 8125 Larson Plaza, Rogahnchester, NY 61223","arturo.sauer@yahoo.com","Sid Gutmann","120.107.7998 x50978"
"206","5593 Kilback Well, Romagueraborough, MD 63611-1776","nathaniel.lockman@gmail.com","Zachary Muller","(244) 611-2672 x155"
"207","Apt. 348 825 Predovic Port, Schultzburgh, IL 25147","santa.koch@yahoo.com","Taylor Christiansen Sr.","(781) 895-5934"
"208","989 Monahan Plain, Beckershire, NJ 80607-7696","arlie.ziemann@hotmail.com","Werner Grant","755-000-4408"
"209","Apt. 754 0946 Runte Locks, Kihnview, TX 80644-8047","barrett.willms@hotmail.com","Rosendo Stark","378.756.1965 x29446"
"210","434 Lorrie Mountain, West Isabelleshire, LA 20974-9120","brain.russel@hotmail.com","Lorena Stokes","241-982-5886"
"211","Suite 116 5412 Wilderman Square, Jacobsonmouth, GA 62142-3937","judson.glover@hotmail.com","Fermin Herzog II","(281) 507-1520"
"212","501 Wolff Lakes, New Vi, MI 77472-1168","bruce.becker@hotmail.com","Valentin MacGyver I","674.311.8828"
"213","Apt. 897 034 Audrea Flat, Dooleyberg, NE 51049-1159","quinn.cronin@yahoo.com","Shelba Monahan Sr.","(209) 557-5233 x860"
"214","95740 Pearle Springs, Port Janiece, WI 95220","joselyn.sawayn@hotmail.com","Leonida Osinski","1-050-844-9810 x3400"
"215","83349 Harris Street, Faheyberg, RI 12745","arnoldo.cronin@hotmail.com","Connie Koss","1-322-816-1988 x133"
"216","686 Augustine Knoll, Signetown, CO 72676-2220","brandon.murphy@gmail.com","Alica Goldner","(696) 481-2634"
"217","611 Schiller Road, Lake Ritashire, MA 51658","nila.bailey@yahoo.com","Mr. Marquetta Gusikowski","036.107.4218"
"218","Suite 261 4285 Langworth Ports, Russelview, MI 48707","octavio.legros@hotmail.com","Oscar Okuneva","270-051-0623 x10528"
"219","Apt. 117 07607 Jose Plains, Lake Terrell, MO 87211","eric.hansen@yahoo.com","Trevor Kunze III","254-432-8813 x5020"
"220","0092 Jules Tunnel, Johnnaland, VT 29431-9338","randolph.simonis@gmail.com","Jaime Swift","985-584-0856"
"221","47640 Rosalina Loop, South Allyson, NV 90554-6645","daryl.bashirian@gmail.com","Robt Bechtelar","1-483-037-4352 x240"
"222","68753 Oberbrunner Glen, East Malcom, WI 99444","joan.aufderhar@hotmail.com","Adalberto Jones","(037) 523-2968"
"223","9541 Louanne Mills, East Enid, AZ 36322-8174","bernita.doyle@yahoo.com","Chantay Sawayn","565.173.2673 x39493"
"224","03946 Sabra River, Harrisburgh, RI 87212","erin.klocko@hotmail.com","Lucinda Fisher","107-487-4611"
"225","5882 Leif Turnpike, East Chelseyborough, NH 29224","hollis.harvey@yahoo.com","Allan Lang","620-560-7812 x97404"
"226","Suite 725 98209 Fernando Pass, North Odellburgh, KY 21871","teena.block@yahoo.com","Honey McCullough V","610.852.4170"
"227","74528 Manual Rapid, East Claris, OR 82344-4987","numbers.pfannerstill@hotmail.com","Loraine Dach","020.649.4798 x5745"
"228","Suite 961 240 Charley Prairie, New Mariettaburgh, OH 46652","leland.okon@gmail.com","Tyson Keebler","1-688-311-8391 x429"
"229","Apt. 234 0276 Tammera Crescent, Joannaside, NY 46958-8204","chi.monahan@yahoo.com","Alva Bogan","(778) 856-8672"
"230","Suite 043 623 Dare Crescent, West Pamulahaven, CA 40826-6108","thaddeus.dicki@gmail.com","Lachelle Rau","584.987.2181"
"231","525 Bauch Pass, Ankundingbury, LA 35937","ozzie.towne@hotmail.com","Ms. Jude Ortiz","(870) 781-1689 x06776"
"232","00496 Rath Mission, Port Isidro, VT 71097-8398","mila.koelpin@gmail.com","Dr. Allyn O'Kon","1-925-947-2849 x1148"
"233","368 Li Harbor, Port Chung, WA 91610","hugh.kerluke@gmail.com","Miss Waldo Funk","948-152-7899"
"234","Apt. 560 59304 Nader Greens, Edwinfort, OR 98465","jefferson.yost@yahoo.com","Shauna Donnelly","818.149.4048 x4170"
"235","Apt. 299 5980 Ashley Mission, Dwainport, IN 21865-2200","cleveland.rogahn@gmail.com","Trinidad Kuvalis","248-053-6562"
"236","08622 Wuckert Mountain, New Cruz, OR 59422-2470","scot.lang@gmail.com","Branden Senger","1-608-997-1777 x1233"
"237","Suite 377 8571 Rusty Cape, West Raphael, SC 01890-1621","iris.toy@yahoo.com","Leandra Schultz Sr.","301.633.3048 x066"
"238","Apt. 224 59870 Krajcik Ranch, Orvilleport, WV 65038","carmen.greenholt@hotmail.com","Asa Schinner DDS","(962) 081-0489 x328"
"239","Suite 458 905 Homenick Expressway, Ronnietown, TX 39187-4964","vincenzo.hilpert@yahoo.com","Charmaine Sauer","610.989.7293 x6043"
"240","Apt. 689 467 Daniel Gardens, Wernerport, KS 45109-8087","kasey.ebert@yahoo.com","Mr. Ladonna Stracke","469.363.4843 x7437"
"241","Suite 213 95750 Schoen Land, East Brian, KY 98963-4094","malik.bins@yahoo.com","Tina Bednar","(558) 388-1752"
"242","Suite 033 4090 Chuck Groves, South Pansyburgh, OH 91079-3638","gloria.volkman@gmail.com","Kory Schultz","1-771-251-8615 x53558"
"243","Suite 549 20463 Vernon Stream, Lake Charlie, WI 64734","esta.jacobi@gmail.com","Ula Jacobi","(492) 720-5197"
"244","78939 Kaci Field, South Deandre, MS 92136","allen.braun@yahoo.com","Fletcher Monahan","372-540-6607 x6755"
"245","Apt. 279 481 Deja Villages, East Homerburgh, WV 53403-9433","arden.king@gmail.com","Chong Quitzon","122.076.1355"
"246","Apt. 107 2255 Schuppe Island, Warrenmouth, NV 90686-9210","andreas.watsica@gmail.com","Mrs. Jefferson Strosin","644.168.0831"
"247","1434 Rippin Mountains, Schuppeshire, MI 04391-2018","elinore.bradtke@yahoo.com","Jina Schaefer IV","1-207-659-9166"
"248","2960 Rosenda Crest, Port Corey, NC 26588-9913","marcelene.boyer@gmail.com","Ron Reichert","162.131.3806 x11451"
"249","Suite 739 6906 Alfonso Extension, Tomasberg, FL 78877-1329","latonia.wilkinson@yahoo.com","Jeannie Schneider","223.579.5924"
"250","9245 Fabian Overpass, West Fredericka, ID 35427","celsa.orn@gmail.com","Vennie Turcotte DVM","880.384.4032 x297"
"251","0885 Judi Crossing, Port Mandyberg, RI 43458-9292","leandro.mitchell@yahoo.com","Betsey Fisher","1-953-873-0634 x38983"
"252","Apt. 422 0230 Carma Coves, Lake Joshuafurt, NC 42031","ivan.steuber@yahoo.com","Rosaline Lehner","1-431-261-2721 x52591"
"253","Suite 123 63230 Rudy Rapids, North Dario, CO 00906","freeman.stark@yahoo.com","Valentin Mayer","(135) 139-7041"
"254","Suite 982 2482 Kuhlman Overpass, East Berryfort, NV 36435","kelvin.jenkins@yahoo.com","Kacy Douglas","146.424.8103"
"255","6584 Daugherty Oval, Leonardashire, MO 53086-7952","houston.fay@yahoo.com","Alberta Champlin","(439) 191-6383 x45103"
"256","Suite 359 55349 Jasper Lodge, North Jamarberg, GA 35576","beatrice.armstrong@hotmail.com","Bessie Rodriguez","1-041-269-8998 x58760"
"257","Apt. 763 291 Jacobs Plains, Port Mickieside, NE 50302-0113","edison.feest@gmail.com","Deidre Gulgowski","1-351-267-6037 x267"
"258","Apt. 377 390 Simon Wells, Hermannchester, OK 49399-6646","setsuko.green@hotmail.com","Man Boyer IV","(476) 013-0603"
"259","Suite 254 15272 Bruce Stream, McGlynnport, TN 13132","lucio.wehner@gmail.com","Donya Orn","1-750-346-0559 x163"
"260","5825 Kim Way, Lemkehaven, WY 08018-4163","donette.quigley@yahoo.com","Dusti Nitzsche","789-516-9023 x940"
"261","6397 Weissnat Ridges, Jacobsfort, NE 56663-0425","francisco.macgyver@yahoo.com","Charlena Rempel","333-404-5192 x15508"
"262","Suite 875 0770 Sonny Glen, West Marcosside, TX 69388","brett.stracke@hotmail.com","Nolan Welch","350.677.0733"
"263","36251 Tamisha Prairie, Latricetown, AZ 13362-7787","ernest.schmeler@yahoo.com","Dr. Archie Mante","(088) 546-5733 x394"
"264","Suite 274 550 Bradly Drive, Lake Shoshana, MO 05326","eilene.jacobi@yahoo.com","Dr. Charley Johnston","799-255-4135"
"265","95532 Rosalee Drive, Xiomarachester, NV 49732-8009","arlen.king@hotmail.com","Launa Kunze","1-946-761-1229 x56329"
"266","0981 Rocco Route, Davinaport, MS 62346","myrtice.heathcote@yahoo.com","Jack Kuphal","(107) 238-6022"
"267","Suite 121 864 Angelo Stream, Johnsonfort, MA 20265-3434","carli.williamson@hotmail.com","Gilbert Haag","510-996-7305"
"268","Suite 983 4997 Mertz Drive, Haroldchester, AR 80455-9891","diamond.smitham@yahoo.com","Brian McCullough","1-759-718-6020"
"269","81807 Garth Trail, Baumbachborough, NJ 51988","abe.mcglynn@hotmail.com","Spencer Bailey II","1-647-929-7142 x9609"
"270","27391 Quinn Crescent, Hillsview, IA 35558","sandy.rosenbaum@gmail.com","Margit Hammes","(602) 043-2827"
"271","56398 Rice Ranch, Botsfordfort, ND 20152","damian.keebler@yahoo.com","Gerald Flatley","052-585-5282 x5009"
"272","2311 Buckridge Land, Hyunborough, AR 55120","soon.schmeler@gmail.com","Hoyt Monahan DDS","729-485-9047 x0287"
"273","Apt. 856 0291 Kihn Throughway, Port Ronnie, NY 05964","cedric.jacobson@hotmail.com","Shad Walsh","1-347-405-8823"
"274","Apt. 993 6803 D'Amore Lakes, Blockchester, NM 96011","izola.harvey@yahoo.com","Dr. Dulcie Nader","974-895-7816"
"275","5763 Claudio Lodge, South Richard, PA 52736-7263","maisie.blick@gmail.com","Mr. Luis Carroll","1-957-809-7778 x3936"
"276","Apt. 702 7418 Donette Parks, East Bettyann, MN 42063","aldo.roberts@gmail.com","Chad O'Keefe","431.246.3657 x0494"
"277","31347 Rory Stream, North Monte, WV 11570","willetta.jenkins@yahoo.com","Jaquelyn Kihn","(425) 352-2220"
"278","Apt. 412 704 Digna Lights, West Valeri, HI 82025","garrett.gislason@gmail.com","Ms. Elvera Fadel","(536) 232-7901 x9282"
"279","0941 Pennie Path, Beierborough, OK 24755","bennie.adams@yahoo.com","Perry Renner","251.932.1113"
"280","Apt. 217 87206 Abshire Groves, Port Jaimieview, TX 37724-0115","jarrod.miller@gmail.com","Cecilia Hyatt","(236) 972-5959"
"281","9097 Shane Harbors, Nolanborough, CT 22734-9458","charmaine.parker@gmail.com","Chet Goyette","1-051-577-2446 x467"
"282","4980 Daniel Spring, New Providenciaport, CO 99606-2947","enda.hegmann@hotmail.com","Alethea Feil","904.185.2190 x054"
"283","Suite 767 48211 Donnelly Port, Grahamborough, AK 61205-7046","allene.berge@yahoo.com","Artie Lang III","524-176-4282"
"284","7983 Turcotte Expressway, East Alphonsoport, NM 28579","sarita.rogahn@hotmail.com","Dr. Barton Runolfsdottir","062.740.2160"
"285","04994 Weissnat Views, Tondaside, SD 71227","rodney.quigley@gmail.com","Mrs. Lon Roob","507-587-4307 x01332"
"286","9816 Emery Ford, North Etta, DE 09055","porfirio.deckow@gmail.com","Vonda Thompson","1-396-011-5506 x0552"
"287","39317 Kellee Points, Lake Amieehaven, SD 36834-6382","tammi.jakubowski@gmail.com","Mrs. Miyoko O'Kon","(367) 080-8956 x322"
"288","99142 Kecia Light, New Abelshire, TN 99501-1014","fausto.rogahn@hotmail.com","Mabel Bradtke","1-293-342-0525 x22771"
"289","Suite 796 87972 Will Stravenue, Arlabury, MI 61849","beulah.vonrueden@yahoo.com","Lewis Marquardt","1-321-967-3335"
"290","490 Nitzsche Villages, Hammesview, NJ 58660","bryan.farrell@yahoo.com","Dr. Tabetha Sporer","798.426.8650 x89164"
"291","998 Reinaldo Falls, Carryport, GA 38771","cruz.halvorson@yahoo.com","Jeffery Weissnat","(509) 161-9709 x857"
"292","Suite 655 75328 Kim Radial, Vinaview, AR 76485","josue.murray@hotmail.com","Naida Moen DVM","036.600.6928"
"293","Suite 183 4747 Leffler Station, Morissetteside, SD 54432-2835","raymundo.rice@yahoo.com","Miss Tobie Nader","1-116-101-1450 x07991"
"294","3393 Cole Gateway, Jonathanberg, NY 16384-2685","zella.wolf@hotmail.com","Samantha Cartwright PhD","990-440-6079 x58905"
"295","Apt. 769 208 Carol Lock, New Henrietta, IN 97399","karolyn.berge@yahoo.com","Mrs. Albert Langworth","1-906-180-3713 x091"
"296","Suite 203 75452 Gottlieb Mews, South Antonyside, PA 43449","marjory.damore@gmail.com","Sol Quigley","536-020-7511 x051"
"297","9714 Christopher Drive, Juanstad, IL 60005","delmar.stracke@hotmail.com","Dr. Lyndon Runolfsdottir","196-734-1347"
"298","Apt. 959 521 Sauer Orchard, Lockmanshire, WV 57923-2829","loida.green@hotmail.com","Lonny Kirlin","(194) 664-6510"
"299","Apt. 197 63225 Lawerence Lakes, Port Tyson, AR 01522","sherlyn.mcglynn@hotmail.com","Bill Cartwright","1-471-861-9145 x12702"
"300","57353 Dickens Curve, Stoltenbergview, NC 51286","katrina.turcotte@gmail.com","Rodrigo Ruecker","1-056-972-7296 x4056"
"301","9728 Funk Gateway, South Vilmaborough, MA 57803","shaun.kulas@gmail.com","Joe Bradtke","(007) 972-2525 x56782"
"302","Suite 013 210 Linwood Loop, South Shanta, KY 05517-3379","zackary.cummerata@yahoo.com","Mrs. Dawn White","834-654-4207"
"303","3346 Hector Court, Hickleshire, SC 77607","raymundo.emmerich@hotmail.com","Ayanna Labadie","1-378-152-2107"
"304","Apt. 990 529 Skiles Lakes, Waelchiland, PA 90859","normand.kerluke@yahoo.com","Prince Ryan","(447) 874-7210 x68358"
"305","Suite 688 96015 Kovacek Creek, Kennithfort, GA 11687","diego.konopelski@hotmail.com","Mrs. Beulah Block","677-062-7854"
"306","Apt. 933 78848 Koch Valleys, Emardton, WA 76607-9972","elvis.reynolds@gmail.com","Werner Bins","1-842-430-7763 x742"
"307","3029 Gene Heights, Lilliside, NY 04639","nestor.kassulke@yahoo.com","Lily Vandervort MD","1-931-076-8196"
"308","0986 Collins Course, North Thu, RI 08275","rosann.moore@gmail.com","Antwan Lemke","(605) 392-4674 x450"
"309","Apt. 339 2199 Kertzmann Extensions, Jayneborough, TX 49680","angela.dietrich@hotmail.com","Delores Littel","891.940.6948 x58406"
"310","078 Ernie Views, Joelborough, ND 19088","damion.runolfsson@hotmail.com","Cecilia Ankunding","715-161-4750"
"311","Suite 903 38064 Quitzon Cliffs, Wisokyside, AL 04603","maura.mosciski@yahoo.com","Mr. Betsy Wolf","445.816.9255"
"312","1712 Jamison Plains, Rettashire, MI 72942","gaston.pouros@hotmail.com","Tomoko Frami I","649.330.2092 x75694"
"313","Suite 039 02582 Donnetta Expressway, Karinemouth, CT 42471","serafina.douglas@gmail.com","Johnson Goldner","(594) 789-2076 x68099"
"314","Suite 364 6314 Fernande Ramp, West Kimberleehaven, UT 19263-2192","alene.schmeler@gmail.com","Adaline Gutmann","(237) 779-2999"
"315","73478 Hintz Village, South Isiahborough, FL 67737-4443","carolyn.oberbrunner@gmail.com","Deanne Champlin","1-822-559-2842 x35455"
"316","Apt. 073 712 Margaretta Run, Okunevamouth, ND 50389-7981","deloise.wuckert@hotmail.com","Cami Hamill","1-639-626-0405"
"317","54056 Nolan Burg, North Modestohaven, ID 33629-0505","federico.romaguera@gmail.com","Mrs. Vernon Stark","644-880-3491 x914"
"318","Suite 040 9052 Cathryn Land, Rossiestad, AZ 78619-5535","odessa.grimes@yahoo.com","Corliss Hirthe","013-995-3266 x28229"
"319","Suite 338 0751 Tanner Terrace, East Chanelborough, CT 88190-2500","denver.turner@gmail.com","Jerald Hessel","758.317.0412 x92572"
"320","7152 Carlos Ridges, East Agustin, AR 34671-4024","elinore.flatley@yahoo.com","Johnnie Toy","1-367-392-4781"
"321","Apt. 455 54806 Fritsch Spur, South Jeannetta, AR 62134-0199","numbers.mueller@gmail.com","Benedict Moore","638-769-7643 x6332"
"322","8997 Deon Locks, Marioburgh, MA 41839-9221","lenny.herman@yahoo.com","Ivory Kling","617-215-6611 x252"
"323","Apt. 445 920 Ned Plains, New Rileyshire, CT 93312-9233","rosie.mante@yahoo.com","Deirdre Labadie","1-470-733-5560"
"324","80231 Stamm Lodge, Borerfurt, PA 78746-5134","danna.corkery@hotmail.com","Irvin Little","250.348.5592 x0937"
"325","7566 Felipe Cliff, Ritchieburgh, OR 39973-6755","trent.ruecker@gmail.com","Mrs. Paul Emard","1-772-845-5445 x9003"
"326","Suite 055 86273 Bianca Radial, East Chariseview, TX 17010-2134","sterling.fahey@yahoo.com","Isaiah Goodwin","745.306.1622 x670"
"327","06283 Wunsch Spring, New Denise, NV 80089-6878","jesus.wolf@yahoo.com","Kent Langosh","1-878-202-6371 x52284"
"328","Apt. 308 4254 Hollis Port, Abshireshire, IL 82627-7749","starr.rempel@gmail.com","Gearldine Swift","408.692.9474 x35753"
"329","Apt. 254 1661 Stacia Stravenue, East Gabriel, VT 94433","tona.murphy@yahoo.com","Lupe Schuppe","1-242-479-8244 x4225"
"330","Suite 920 3451 Toy Union, East Trangmouth, MA 31485-7996","deonna.bechtelar@yahoo.com","Marquitta Bauch","501-518-1535 x7527"
"331","Suite 027 8912 Caprice Squares, New Sungchester, ME 86779-9863","deandre.turcotte@hotmail.com","Paulene Hartmann IV","1-170-356-8125 x7130"
"332","Apt. 129 746 Bennie Rue, East Phebeland, MD 49045-2553","justin.doyle@gmail.com","Lani Dare MD","500-644-1291"
"333","Suite 385 8875 Yundt Harbors, East Arturo, AZ 06407","rodger.stark@yahoo.com","Ozie Kris","1-972-736-2685"
"334","Apt. 708 957 Schaefer Shoals, North Willyburgh, NY 04353","donnetta.ziemann@yahoo.com","Orlando Stokes","169-488-9468"
"335","03226 Klocko Crossing, Cronaton, CO 56739-0178","kaycee.moore@yahoo.com","Alejandro Sporer","727.291.7003 x7942"
"336","624 Ferry Wall, Smithamshire, KY 34540","arline.russel@gmail.com","Carrie Graham","(910) 938-4721"
"337","0917 Jamel Ridge, South Antonio, FL 47437-3134","donette.lesch@hotmail.com","Edward Mosciski","371.557.4394 x3250"
"338","Suite 992 816 Porter Estates, Nichollebury, KS 40978","lesley.smitham@gmail.com","Herschel DuBuque","067-184-7595 x02370"
"339","0523 Parisian Forges, Schroedertown, NM 32557-8760","cleora.gorczany@gmail.com","Kip Little II","1-299-897-4520"
"340","00942 Bartoletti Freeway, Lutherside, CO 36165","homer.grady@yahoo.com","Loyd Lind III","1-854-417-0265 x48439"
"341","Suite 689 1746 Whitney Glen, West Demetrius, NV 81923-5242","susanne.heller@yahoo.com","Edmundo Pfannerstill Sr.","(868) 341-1775 x95145"
"342","Suite 784 51300 Dionne Corners, Kenethhaven, NM 82138","flavia.skiles@hotmail.com","Emeline Stoltenberg","1-244-625-0891"
"343","6850 Jonathon Corners, Priscillahaven, NJ 94905","vern.stokes@gmail.com","Evan Stokes V","1-986-136-7146"
"344","Suite 486 08673 Green Estate, Lake Alisia, SC 79741","christiane.dach@gmail.com","Quinton Reichel","1-195-334-6248 x73292"
"345","Suite 735 28050 Felicia Drive, West Rod, VT 70331-6544","travis.conroy@yahoo.com","Allene Bahringer","(899) 402-2117 x001"
"346","604 Deckow Gardens, West Madgemouth, NH 51633-5091","dayle.pagac@yahoo.com","Leeanne Kutch","339-912-7628"
"347","Suite 433 63145 Marquardt Pass, Josiahbury, NY 92293","shellie.reilly@yahoo.com","Hedy King","396.048.4766 x702"
"348","7994 Elda Junction, East Chet, AK 10309","lia.schuster@yahoo.com","Loree Quitzon","(400) 103-6956 x770"
"349","3934 Daron Loaf, Port Linsey, CO 61971","sherie.hahn@gmail.com","Julietta Runolfsson","1-023-977-1174 x942"
"350","Suite 578 28876 Arlena Trafficway, Blockborough, NJ 08774","natalie.goldner@hotmail.com","Melony Schroeder","(782) 309-4021 x0179"
"351","939 Eleanore Overpass, Port Elias, ND 26054-3559","maia.will@yahoo.com","Krysta Skiles","(547) 353-0487 x490"
"352","1387 Lou Throughway, Quitzonmouth, SD 77660","jae.cassin@hotmail.com","Miss Chauncey Kutch","1-574-151-7429 x28843"
"353","Suite 288 4517 Sylvia View, Alisonberg, OR 22819-6442","caitlyn.bogan@yahoo.com","Gwenn Lynch I","1-045-050-5085"
"354","880 Luis Court, Isaacport, CT 26328-1224","dovie.grant@yahoo.com","Nedra Gutkowski","185-757-9630 x022"
"355","8036 Johnson Mountains, North Christopher, AZ 95645","freda.volkman@yahoo.com","Benton Lynch","391-311-1223 x129"
"356","Apt. 389 605 Isaac Avenue, Collinsville, KS 08814","deloris.kuhic@hotmail.com","Andre Barton","1-128-143-2287"
"357","932 Daryl Run, North Perry, MO 16365","marita.keeling@hotmail.com","Mr. Signe Quigley","000-632-3270 x096"
"358","6291 Numbers Port, Marvintown, NY 51210","mitchell.herzog@gmail.com","Harland Kulas","377.007.7461"
"359","613 Emard Cape, North Maximoborough, DE 77416-2024","jaquelyn.macgyver@hotmail.com","Garret Harris","1-383-158-4834"
"360","0469 Tameka Groves, Lake Darin, MT 55876-6470","chan.jacobi@yahoo.com","Concetta Beatty","263.726.3323"
"361","5350 Braun Extension, North Dallasfurt, CA 76279-7028","ngan.lynch@hotmail.com","Sara D'Amore","176.571.8138"
"362","153 Saturnina Extension, Port Bethann, NE 43064","marivel.rosenbaum@gmail.com","Tyree Raynor","991-290-4117"
"363","1557 Carter Mews, South Jesseborough, DE 75443","tandy.anderson@gmail.com","Patrice Smith","571-437-2358 x065"
"364","Apt. 468 95196 Ricky Lakes, Franeckiport, NE 84762-5386","merlyn.friesen@hotmail.com","Yetta Marks","553.568.7686"
"365","86312 Leland Parkways, Monahanfurt, MA 70013-9723","peter.hudson@gmail.com","Dianna Wiza","493.244.8253"
"366","Apt. 083 084 Jaskolski Lakes, Schmelerville, MN 45674","lucina.aufderhar@hotmail.com","Virgen Hessel","1-542-780-5957 x1627"
"367","Apt. 932 1017 Wesley Turnpike, Port Tylerland, SD 09799","reuben.pollich@gmail.com","Mr. Matt White","1-913-688-4604 x377"
"368","905 Queen Lock, Port Elsafurt, DE 77728","cecilia.cartwright@yahoo.com","Tennie Klein","938.006.8250"
"369","Suite 722 2620 Watsica Springs, Wileychester, CO 38516","kati.mante@yahoo.com","Isidro Bernier","(360) 026-1682 x0749"
"370","Apt. 089 348 Alysia Dale, West Ronni, CT 18325-6685","viki.stark@hotmail.com","Mrs. John Ziemann","(869) 799-1080 x02111"
"371","Apt. 595 6678 Blanda Locks, New Bryce, ND 34643-6729","lenard.christiansen@gmail.com","Eugene Anderson","(921) 090-6541"
"372","050 Eugene Mission, New Kennethstad, MN 78995","verona.barton@yahoo.com","Lecia Nienow","142-560-1879 x643"
"373","01708 Doyle Mission, East Chan, NH 40360","giovanna.weber@hotmail.com","Trey Koch","1-849-597-9705"
"374","Apt. 862 798 Foster Vista, South Rossie, RI 18200","domingo.abbott@gmail.com","Miss Mauro Blick","842.949.9797"
"375","Apt. 233 6713 Reichel Gateway, Zemlakmouth, CT 95936-7799","mary.blanda@hotmail.com","Vaughn Luettgen","015.758.5179 x95969"
"376","Apt. 879 1291 Chuck Station, Port Tyrachester, IL 03603","scotty.west@gmail.com","Omar Kub","1-824-789-3136"
"377","23268 Feeney Parkway, New Rey, OH 22714","michale.kozey@yahoo.com","Yahaira Dare","(801) 892-3005 x98027"
"378","Apt. 097 7935 Schmitt Turnpike, West Hoyt, WY 53687-5069","adena.romaguera@yahoo.com","Oswaldo Pouros","150.380.7165 x44951"
"379","29647 Reichert Turnpike, West Lucio, AL 85994","honey.cassin@gmail.com","Magen Kulas","(917) 714-5491"
"380","Suite 028 4088 Wunsch Prairie, Grantville, MS 32998","gertude.hermiston@yahoo.com","Salley Bergstrom","654-754-8296 x42634"
"381","Suite 629 225 Gutkowski Prairie, North Solomonborough, TN 73259","norberto.brown@gmail.com","Vance Wisozk","369-991-2009 x0908"
"382","Suite 523 510 Jessica Light, South Nolan, NV 79664","anjelica.blanda@gmail.com","Harriett Wiza","1-059-905-4444"
"383","66658 Chantel Turnpike, Theresastad, PA 13377","harlan.ankunding@hotmail.com","Pasquale Sporer MD","1-052-557-2594"
"384","56228 Sipes Route, West Brigitte, ND 01207-2300","tomasa.gaylord@yahoo.com","Eduardo Corkery","1-820-774-3445 x315"
"385","Apt. 983 3114 Isreal Locks, Kendraport, LA 81555-8739","shawnta.wuckert@hotmail.com","Raylene Jenkins II","126-985-8914 x7460"
"386","Apt. 444 29813 Jesse Place, Port Lilliemouth, MN 72781","joane.tremblay@yahoo.com","Annamae Reilly","1-914-242-3821 x838"
"387","2977 Doyle Rest, Mayolamouth, GA 43545-6744","brett.fadel@yahoo.com","Bruna Schneider","404-637-3437 x464"
"388","Apt. 955 26285 Millard Center, North Vernice, GA 10209","whitney.stroman@hotmail.com","Shanell Monahan","(208) 638-6877 x988"
"389","330 Hills Turnpike, Kelseyfurt, DE 92113","kasie.mayert@hotmail.com","Cyril Corkery","356-361-6181 x9960"
"390","Apt. 862 40052 Ondricka Plain, Robertsstad, IA 06679","devin.ryan@hotmail.com","Clarence Balistreri","507.935.8714"
"391","719 Jonathan Station, Cecilbury, ID 46171","modesto.carter@hotmail.com","Launa Fahey","874-115-1937 x456"
"392","Apt. 427 247 Mellie Via, North Shamika, OK 27190-5068","collene.christiansen@gmail.com","Imogene Sawayn","266-879-5235"
"393","64598 Wisoky Knolls, Lake Melissaton, NJ 33673-8935","dana.prosacco@hotmail.com","Kristy Dach Sr.","(632) 024-1638 x8768"
"394","9193 Donn Ville, West Laura, HI 06379-1549","brent.stanton@gmail.com","Robbie Grady","103-438-7284 x5502"
"395","499 Jamar Village, Port Botown, AL 41908","joslyn.kuhic@yahoo.com","Brock Kertzmann","893-726-0653"
"396","Apt. 234 780 Tristan Club, South Laciestad, WV 35922","leslie.bode@yahoo.com","Yasmine Blick","(329) 563-9767"
"397","758 Karolyn Knoll, Richtown, CO 99524-7151","billi.nienow@gmail.com","Mrs. Ricardo Howe","822-154-7005 x397"
"398","Apt. 492 03205 Botsford Centers, North Xuanside, CA 64582-8663","hubert.mcdermott@yahoo.com","Richard Heathcote","688-045-9550 x7732"
"399","Suite 483 1840 White Inlet, New Leopoldoborough, CT 10044","oralee.vonrueden@yahoo.com","Kiesha Frami","1-067-342-6180 x1304"
"400","389 Bailey Lakes, West Huberthaven, GA 33606-1253","nannie.schultz@hotmail.com","Garret Rogahn","286.260.8418 x2130"
"401","2559 Isaiah Motorway, Frankieberg, WV 31839","zenobia.nicolas@gmail.com","Sherly Bode Jr.","383.769.6774"
"402","03613 Larson Inlet, Jenkinsshire, OH 82383","shane.bode@yahoo.com","Mrs. Benedict Hagenes","483-931-9491 x8613"
"403","Suite 640 816 Vandervort Ridge, Homenickmouth, HI 84432","kellye.becker@yahoo.com","Ai Zieme","605-966-4782"
"404","25155 Effertz Orchard, Port Katy, ID 78255-6586","willena.yundt@yahoo.com","Rueben Leannon","(559) 359-5233 x766"
"405","8589 Bergnaum Run, Cristobalborough, OH 80693-2978","winston.vonrueden@gmail.com","Lyndon Wuckert","(145) 109-5970 x732"
"406","4484 Bogisich Harbors, Wuckertmouth, MA 75354","essie.hammes@hotmail.com","Hee Abshire I","1-513-920-4747"
"407","Apt. 764 9243 Tromp Extensions, South Kyong, MO 02963","august.bashirian@yahoo.com","Enedina VonRueden","999.725.4021"
"408","Apt. 350 422 Nola Neck, Port Numbers, MA 81253","dick.bogisich@gmail.com","Victoria Rodriguez","1-878-307-5726"
"409","Apt. 557 93397 Yoshiko Stream, West Kaylee, TN 43939-7570","sondra.treutel@gmail.com","Michel Christiansen","(297) 687-9275 x47163"
"410","0187 Carmelina River, East Nicol, HI 47721-1782","deangelo.hudson@yahoo.com","Milo Brakus","024.484.0639 x5254"
"411","Apt. 836 001 Kautzer Haven, New Orville, RI 60994-4861","valarie.murazik@gmail.com","Hortensia Wintheiser","(100) 051-9440 x66258"
"412","88413 Fadel Turnpike, Kailafort, KS 43479-7048","nelida.bergnaum@gmail.com","Matt Morar","1-592-918-7301"
"413","9694 Marcelo Streets, Renitaburgh, IL 93085","broderick.rice@yahoo.com","Dia Swift","720.502.8393 x000"
"414","42462 Sabina Views, Walshfurt, SD 16421-3978","yvette.satterfield@yahoo.com","Waldo Anderson","745.264.5279"
"415","Apt. 646 32511 Mohamed Dam, New Kelley, KY 66226","chanda.lemke@hotmail.com","Delmer Rolfson","(831) 318-4055"
"416","Apt. 899 518 Hills Land, Ritchietown, WI 43400-5116","weldon.goodwin@gmail.com","Pura Lehner","411.905.8036"
"417","3716 Opal Burg, North Melinastad, WI 59108-4574","waylon.lemke@gmail.com","Kelvin Harvey","1-087-566-6374 x79351"
"418","8588 Noah Ville, West Elvinport, GA 05674-3267","lamont.sipes@hotmail.com","Lesley Cremin","1-089-860-2272 x687"
"419","Suite 355 8511 Wiegand Knoll, Parisianmouth, MD 24309","roxanne.nolan@hotmail.com","Janyce Berge","(690) 880-1626"
"420","47088 Larson Lakes, North Artieburgh, NH 80974","mallory.doyle@hotmail.com","Daphne Brekke MD","700.542.6708"
"421","99074 Romeo Crossing, Lajuanaborough, IN 45095-3185","calvin.rath@hotmail.com","Victor O'Connell","(509) 742-6491 x42024"
"422","Suite 657 68449 Bradly Trafficway, Larkinfort, RI 39147","shad.russel@yahoo.com","Tyson Murphy","(608) 577-3342 x079"
"423","7015 Little Courts, New Scottybury, WA 93618","daryl.kiehn@gmail.com","Hershel Emmerich IV","688.736.1051 x12280"
"424","2250 Tremblay Center, Joaquinborough, MA 44457-8437","ruthie.altenwerth@hotmail.com","Aurelio Hettinger","1-760-550-7489 x671"
"425","Suite 559 89823 Thiel Plaza, Germantown, NY 17026","darrick.turner@gmail.com","Marlin Spinka I","(595) 683-8485"
"426","Apt. 948 176 Bosco Square, Dareton, NE 18804-5829","moises.gutmann@yahoo.com","Ty Smith","203-847-5422 x9451"
"427","0285 Jerica Locks, West Jeneemouth, TN 32838","luther.langosh@gmail.com","Ping Ritchie DVM","326.658.4639 x07087"
"428","566 Cleo Lock, West Doughaven, MD 02424","aldo.grady@hotmail.com","Dan Dickinson","(870) 534-6603 x5468"
"429","Suite 313 428 Powlowski Place, Moriahview, PA 16269-2967","cameron.nolan@hotmail.com","Ward Hamill Sr.","(459) 443-3365 x532"
"430","Apt. 734 18414 Sudie Manors, West Rosette, NV 92475-4342","stephen.runolfsdottir@gmail.com","Eric Murphy","608-169-1121 x4054"
"431","16646 Willy Cove, Lake Jovita, IL 96744","sid.rath@gmail.com","Mireille Tillman","026-292-2251"
"432","Suite 702 6969 Kylie Tunnel, Auerbury, ND 75069-1921","june.dietrich@yahoo.com","Jaclyn Reichel","597.879.4228 x31067"
"433","Suite 765 9467 Lesch Summit, Retamouth, UT 47366-4848","valentin.stracke@yahoo.com","Kassandra Balistreri","841.823.6226"
"434","Apt. 658 257 Maida Fields, South Justin, NM 24910","christian.mayert@yahoo.com","Kim Howell","1-658-633-7023 x355"
"435","Suite 295 0798 Sharolyn Square, Port Felicidad, MO 44260","faustino.larkin@hotmail.com","Clementine Brekke","1-858-251-5735"
"436","Apt. 120 246 Weimann Forest, South Ghislainemouth, NV 79754","francisco.morissette@hotmail.com","Jerilyn Hayes","295-903-4313 x0147"
"437","07461 Boyd Tunnel, Francisfurt, RI 25326","donald.mueller@hotmail.com","Brandee Jerde","975-612-3297 x75584"
"438","560 Natalia Ranch, Kristoferstad, DE 01028","valentine.lemke@hotmail.com","Wilbur Wilkinson","357-625-4621 x8794"
"439","Apt. 240 561 Monahan Stravenue, North Steviemouth, OR 71945","hildegarde.parisian@hotmail.com","Sandi Hermann","475-833-3481"
"440","Suite 246 84185 Luther Oval, Murrayborough, KS 94948","isidro.gutkowski@gmail.com","Karen Hartmann","1-077-161-3586 x4879"
"441","9942 Warren Dale, Shieldshaven, PA 35801","enola.anderson@yahoo.com","Elliott Wolf IV","622-495-4158 x83271"
"442","220 Alycia Curve, Corneliusburgh, MA 09202","leandro.nader@hotmail.com","Daine Hessel DDS","754.120.1517 x759"
"443","Suite 098 59668 Grant Gateway, Camilaborough, FL 01387-5615","diego.parker@yahoo.com","Vesta Watsica DVM","488.922.4714"
"444","Apt. 702 685 Thanh Junction, Arahaven, ID 97663-3783","lucilla.deckow@hotmail.com","Elyse Hand","1-833-456-5040 x81682"
"445","968 Abernathy Islands, East Dorcas, MI 80619-3491","stephany.pfeffer@yahoo.com","Aldo Cormier","1-344-754-6715 x7663"
"446","94343 Ritchie Row, Shawannashire, CO 80031-2950","leila.boehm@yahoo.com","Grant Windler","936-334-9715"
"447","21708 Beatty Rapid, Isaiahland, MA 80921-9215","bernie.rosenbaum@yahoo.com","Chase Pfeffer","1-808-418-3930 x2492"
"448","59854 Kessler Club, Westberg, NJ 57690-1124","rickie.klocko@gmail.com","Ismael Hahn","252-865-7367 x18053"
"449","404 Wyatt Expressway, Stammborough, MI 88902","sal.kovacek@yahoo.com","Lane Casper","1-600-817-9252"
"450","06160 Corwin Brooks, North Raymundo, HI 64301-7560","norine.paucek@hotmail.com","Maurice Schoen","1-362-008-9661 x411"
"451","Suite 179 842 Bergnaum Extensions, Boganfurt, NV 54903-4850","vance.fahey@yahoo.com","Millie Reilly","1-514-224-3628 x8908"
"452","Apt. 845 553 Reynolds Ports, Keenanton, MS 36928-6619","niesha.johns@yahoo.com","Dr. Hannelore Gutmann","762-233-0835"
"453","Apt. 667 20199 Ivonne Spurs, Carrollland, HI 67079","alonso.mclaughlin@hotmail.com","Cher Gutkowski","(016) 998-5161 x9453"
"454","242 Sandy Glen, Schulisthaven, RI 39853","adolph.schuppe@yahoo.com","Michaele Conn","833-086-5468"
"455","22627 Hagenes Mill, South Tristanland, NV 12522","misha.emmerich@yahoo.com","Alfonzo Mosciski","1-832-920-0612"
"456","8409 Kunde Radial, Port Fannieborough, MN 83336-6466","russel.leffler@yahoo.com","Ms. Maura Rosenbaum","557.447.3206 x1496"
"457","5004 Crona Field, South Filiberto, IN 13131-7379","lesley.pacocha@yahoo.com","Dr. Kerry Green","1-494-376-7077"
"458","Apt. 438 274 Hickle Cove, Stoltenbergfurt, NJ 25744-5420","eugenia.maggio@yahoo.com","Keneth Wolf","684.311.1480 x0309"
"459","Suite 915 05621 Muller Vista, Lake Tracy, MT 54623","stephine.stamm@hotmail.com","Claudie Yundt","629-160-0620 x222"
"460","055 Dominic Trail, Ronnyberg, MI 02051-6244","marylee.windler@hotmail.com","Cristina Fay","682.030.6865 x947"
"461","Apt. 884 7125 Reichert Lake, West Darwin, TN 25587-8763","karie.hessel@yahoo.com","Mr. Elia Kunze","910-618-7832 x79752"
"462","0233 Silvia Path, Lake Jamar, AZ 37788-7534","shani.lockman@yahoo.com","Nu Kuvalis","1-096-478-9289 x9987"
"463","Apt. 740 797 Larson Stream, New Williemae, VA 67269","april.stokes@gmail.com","Tracy Dooley","(431) 817-9295"
"464","69943 Hong Spurs, Port Anisa, IA 49229","elroy.hirthe@yahoo.com","Mrs. Norma Boyle","1-048-739-3283 x7483"
"465","31274 Gianna Spur, Pacochaville, NE 06861","tobias.larson@gmail.com","Lucius Collins","(373) 686-8672"
"466","2505 Luke Locks, West Harry, IA 75024-6150","simon.bartell@gmail.com","Shane Hyatt","1-686-197-9116 x23530"
"467","319 Cremin Lock, East Enoch, TN 64505-0641","brian.donnelly@hotmail.com","Hollis Rowe","(963) 716-7637 x508"
"468","Suite 736 004 Cartwright Crossing, Irvingport, VA 42482","arnulfo.beatty@yahoo.com","Raye Blanda","938.087.0330 x382"
"469","803 Paulina Springs, North Laraine, KY 09580-6243","ardell.kunze@yahoo.com","Enrique Schuster V","1-272-205-1935"
"470","Suite 232 88898 Gutkowski Roads, East Mauricefort, ND 62199","valentine.quigley@gmail.com","Nicolas Medhurst","323.275.7959 x17577"
"471","964 Russel Mount, Port Marylouisetown, NJ 06510","max.oreilly@hotmail.com","Mark Schroeder","(262) 805-7143"
"472","Apt. 488 399 Orlando Wall, North Christel, MD 82318","brynn.gorczany@gmail.com","Winter Zemlak","673-864-2708 x6502"
"473","073 Mattie Flat, West Lucindaview, KS 01825","wilburn.johnson@hotmail.com","Sherryl Rau","(664) 909-2980 x1774"
"474","Suite 659 178 Theodore Freeway, Bricefort, NM 28073-5496","alesha.heidenreich@gmail.com","Miss Giovanni Dietrich","1-741-665-6005 x269"
"475","97795 Mohr Cliff, South Cristal, DE 13563-6579","bennie.abernathy@gmail.com","Shari Treutel","965.682.5212 x3635"
"476","749 Abel Shore, Rodriguezberg, MA 61873","duane.cassin@yahoo.com","Mrs. Hermina Cremin","170.093.2859"
"477","Apt. 488 906 Long Fort, Okunevaburgh, RI 27380-2787","porter.ryan@gmail.com","Miss Synthia Towne","1-886-193-3966 x46068"
"478","66102 Bailey Plain, Lake Jolyn, SD 41171","jay.hills@yahoo.com","Ching Huels","(188) 229-0967 x390"
"479","Apt. 470 5354 Britt Field, New Rosio, CO 07061-1336","fredric.wilderman@hotmail.com","Mr. Marcus Denesik","1-244-616-6494 x8961"
"480","Suite 119 2823 Dach Canyon, Alesiaville, AK 82610","wilhemina.harvey@gmail.com","Kelsi Price","627.359.5087 x7872"
"481","996 Hammes Roads, East Deanmouth, UT 68035-5010","isaias.kuhn@gmail.com","Johnnie Reinger","356.132.2376 x5024"
"482","540 McCullough Valleys, West Lauralee, MI 32018","armand.frami@hotmail.com","Hosea Keebler","043-409-4098"
"483","744 Al Port, Herbburgh, AL 32047-2960","ryann.swaniawski@hotmail.com","Corey Altenwerth","386-602-8497"
"484","063 Eliseo Corners, Trinidadfurt, PA 60939","cesar.macgyver@gmail.com","Tenesha McGlynn","108-394-1767 x43562"
"485","Apt. 512 3377 Buckridge Roads, East Bennyview, AL 59335-6053","levi.leuschke@hotmail.com","Francis Hoppe","845.226.5860 x5444"
"486","Apt. 777 67181 Flatley Knolls, Jordanburgh, IA 47064-1278","marta.crooks@yahoo.com","Dr. Hang Johns","(473) 455-0020 x34874"
"487","Suite 162 28862 Zboncak Highway, Lake Hee, MO 22817","florinda.lebsack@gmail.com","Russell Wilderman","1-665-831-2168"
"488","3047 Dewitt View, Davidburgh, OR 61305-3569","preston.goodwin@hotmail.com","Breana Hodkiewicz","(660) 037-4211"
"489","4916 Wisoky Drives, Wizaport, OR 08675","leigha.jenkins@yahoo.com","Lesha Mayert","(444) 320-0828"
"490","3547 Emmerich Ranch, Wehnerbury, OH 60538-2235","jeanett.braun@hotmail.com","Catherine Brakus","738-400-4345 x087"
"491","91565 Jonnie Skyway, Port Johnathon, OR 43207-1509","ramon.schroeder@gmail.com","Wm Zemlak","(847) 163-6465"
"492","9929 Jonas Passage, Lake Marceline, PA 26839-5303","frida.marks@hotmail.com","Toshiko Mann","(431) 855-7813"
"493","8413 Stehr Landing, Lake Shaunda, WY 41536","bobbie.ondricka@yahoo.com","Eldon Schmitt","(691) 222-3641 x62654"
"494","Suite 838 804 Bode Stream, Brendonmouth, ME 63989-8273","reyes.rodriguez@yahoo.com","Genia Schoen","1-973-868-3530"
"495","Apt. 243 5915 Hoppe Inlet, North Guadalupeshire, AK 35383","miguel.lubowitz@hotmail.com","Michal Huels","705-238-0895 x812"
"496","Suite 441 7231 Berge Valley, East Wanda, KS 16517","nena.predovic@gmail.com","Nathanael Murphy","514.444.6721 x0647"
"497","04627 Man Vista, Port Gricelda, NY 70193","seymour.littel@gmail.com","Andy Watsica","(063) 628-6965"
"498","47623 Maragret Extension, West Joycelyn, GA 14385","luis.flatley@gmail.com","Sherrie Maggio","961-586-5294 x377"
"499","Suite 977 43612 Stacy Ferry, Port Tanya, TN 98423","joey.hessel@gmail.com","Darrel Hilpert","(262) 237-9950 x454"
"500","73955 Lakia Squares, Lake Jeffersonfurt, VT 16151","jesus.herzog@gmail.com","Rolland Schaden","651.322.5347"
